id,perattend,name,rgrade,term,class,grade,attendance,max
1,35,Mills,pmills0@usgs.gov,4,8,8,12,26
2,61,Williamson,dwilliamson1@bing.com,1,5,68,21,54
3,69,James,vjames2@360.cn,2,1,5,12,17
4,18,Gonzales,ngonzales3@gizmodo.com,2,5,55,95,48
5,53,Williams,gwilliams4@imdb.com,4,10,19,87,89
6,98,Reynolds,ereynolds5@cbslocal.com,1,10,72,11,12
7,96,Ellis,gellis6@csmonitor.com,3,8,52,100,61
8,46,White,lwhite7@1688.com,3,6,100,97,47
9,30,Jacobs,jjacobs8@woothemes.com,1,8,2,34,16
10,46,Mason,lmason9@clickbank.net,2,1,45,9,84
11,19,Riley,lrileya@arizona.edu,1,3,26,6,89
12,81,Adams,cadamsb@telegraph.co.uk,4,5,17,6,36
13,45,Cook,jcookc@globo.com,3,8,76,56,38
14,6,Davis,pdavisd@macromedia.com,1,2,88,3,22
15,82,Marshall,smarshalle@boston.com,3,1,46,3,72
16,54,Watkins,jwatkinsf@webeden.co.uk,1,1,7,15,63
17,46,Hunter,dhunterg@vk.com,4,6,1,32,93
18,95,Shaw,rshawh@craigslist.org,1,6,74,19,96
19,52,Collins,lcollinsi@fastcompany.com,2,3,12,89,35
20,27,Chavez,pchavezj@adobe.com,4,2,92,49,86
21,16,Ruiz,nruizk@phoca.cz,3,5,55,38,11
22,81,Kelley,nkelleyl@elpais.com,3,10,53,9,99
23,71,Griffin,jgriffinm@qq.com,4,3,24,17,78
24,54,Montgomery,smontgomeryn@gizmodo.com,2,10,68,36,97
25,49,West,bwesto@privacy.gov.au,1,1,53,38,83
26,42,Lynch,rlynchp@rediff.com,2,1,17,84,21
27,99,Payne,cpayneq@who.int,1,9,35,94,84
28,15,Peters,wpetersr@tamu.edu,3,6,1,27,91
29,28,Hughes,ahughess@fotki.com,4,4,33,9,46
30,4,Hernandez,mhernandezt@archive.org,3,7,28,86,98
31,76,Wagner,fwagneru@vistaprint.com,3,10,25,30,49
32,22,Stephens,cstephensv@dot.gov,1,4,54,84,4
33,96,Gonzales,sgonzalesw@hhs.gov,4,5,17,55,64
34,62,Hudson,lhudsonx@joomla.org,3,7,89,49,28
35,1,King,lkingy@un.org,4,9,45,83,84
36,35,Medina,amedinaz@yelp.com,2,2,23,79,9
37,82,Mason,pmason10@prnewswire.com,2,8,39,52,60
38,44,Morris,amorris11@ucla.edu,2,4,59,84,36
39,89,Burns,cburns12@pagesperso-orange.fr,2,4,29,45,98
40,99,Wagner,pwagner13@yolasite.com,3,4,63,11,2
41,43,Nichols,jnichols14@mapquest.com,2,6,64,70,60
42,15,Rose,rrose15@vkontakte.ru,4,10,73,56,86
43,43,Simpson,msimpson16@diigo.com,1,5,97,7,96
44,85,Carr,vcarr17@blog.com,2,4,26,40,90
45,4,Young,lyoung18@instagram.com,2,5,70,38,43
46,54,Gutierrez,lgutierrez19@thetimes.co.uk,4,9,24,73,41
47,95,Moore,jmoore1a@google.co.uk,3,6,61,9,81
48,85,Harvey,jharvey1b@chron.com,3,2,49,70,30
49,10,Baker,rbaker1c@spiegel.de,1,5,92,93,73
50,59,Matthews,dmatthews1d@myspace.com,2,2,58,56,90
51,76,Powell,mpowell1e@mtv.com,3,1,87,82,17
52,97,Mccoy,hmccoy1f@myspace.com,3,8,34,97,60
53,53,Stevens,tstevens1g@hatena.ne.jp,2,10,94,2,15
54,22,Warren,dwarren1h@mysql.com,4,7,43,85,52
55,91,Andrews,mandrews1i@arstechnica.com,2,5,79,53,67
56,24,Schmidt,sschmidt1j@mozilla.com,3,3,86,31,44
57,3,Weaver,jweaver1k@photobucket.com,3,6,64,22,92
58,2,Jordan,kjordan1l@csmonitor.com,4,1,32,54,71
59,53,Hansen,rhansen1m@ovh.net,1,5,18,7,74
60,62,Meyer,emeyer1n@vimeo.com,2,3,16,69,78
61,61,Rose,jrose1o@msn.com,4,7,75,47,33
62,11,Ellis,kellis1p@forbes.com,2,2,20,91,85
63,4,Dixon,jdixon1q@domainmarket.com,1,9,36,100,59
64,35,Chapman,cchapman1r@webs.com,4,3,14,16,34
65,7,Collins,dcollins1s@wsj.com,2,8,68,3,72
66,80,Henderson,whenderson1t@shop-pro.jp,2,8,24,87,35
67,36,Burke,lburke1u@vistaprint.com,2,8,74,68,49
68,4,Reyes,hreyes1v@about.com,1,2,99,24,18
69,69,Hamilton,khamilton1w@delicious.com,3,3,63,86,52
70,40,Adams,aadams1x@nydailynews.com,4,5,39,50,30
71,3,Frazier,ffrazier1y@newsvine.com,4,2,45,40,84
72,44,Garcia,agarcia1z@loc.gov,3,2,75,66,87
73,61,Johnston,jjohnston20@sun.com,3,5,73,59,40
74,40,George,pgeorge21@skype.com,2,9,78,30,2
75,61,Webb,cwebb22@seesaa.net,3,6,15,43,65
76,83,Webb,hwebb23@fema.gov,1,2,90,42,38
77,44,Cox,tcox24@elpais.com,1,8,71,29,97
78,49,Lewis,mlewis25@cmu.edu,1,9,16,33,61
79,32,Fisher,tfisher26@cocolog-nifty.com,4,5,36,85,4
80,26,Powell,cpowell27@pen.io,3,3,18,98,20
81,84,Black,tblack28@1und1.de,1,1,52,34,60
82,36,Cox,acox29@odnoklassniki.ru,4,9,66,90,94
83,12,Robertson,jrobertson2a@forbes.com,4,6,66,57,16
84,97,Dixon,kdixon2b@networkadvertising.org,4,4,88,24,61
85,35,Hayes,jhayes2c@elegantthemes.com,4,6,73,84,99
86,39,Tucker,atucker2d@technorati.com,3,9,6,5,98
87,4,White,jwhite2e@4shared.com,4,7,39,58,92
88,92,Bishop,tbishop2f@so-net.ne.jp,1,8,51,7,85
89,44,Medina,pmedina2g@businessweek.com,1,7,55,99,31
90,23,Austin,baustin2h@nsw.gov.au,2,5,10,70,32
91,53,Willis,dwillis2i@tiny.cc,3,5,94,79,96
92,31,Walker,jwalker2j@purevolume.com,1,9,71,89,32
93,73,Bradley,dbradley2k@ucsd.edu,4,3,91,80,34
94,72,Simmons,csimmons2l@joomla.org,3,1,19,67,20
95,73,Burns,sburns2m@delicious.com,4,8,76,73,55
96,5,Simpson,ksimpson2n@oaic.gov.au,4,9,38,50,40
97,67,Williams,awilliams2o@123-reg.co.uk,4,6,46,65,66
98,96,Ryan,hryan2p@list-manage.com,1,1,43,46,95
99,14,Stewart,astewart2q@hhs.gov,2,10,19,57,53
100,21,Wallace,lwallace2r@jiathis.com,2,7,58,66,95
101,76,Sanchez,rsanchez2s@privacy.gov.au,1,5,65,56,52
102,27,Bailey,hbailey2t@51.la,2,3,64,89,11
103,91,Welch,rwelch2u@godaddy.com,2,7,23,28,85
104,99,Perez,aperez2v@admin.ch,1,3,25,38,6
105,87,Williams,dwilliams2w@sfgate.com,1,4,3,84,95
106,81,Fields,rfields2x@i2i.jp,2,8,49,63,13
107,1,Johnson,pjohnson2y@icio.us,2,8,11,70,17
108,90,Ross,bross2z@reference.com,2,5,97,100,36
109,38,Hansen,khansen30@google.it,1,1,53,31,32
110,10,Hicks,mhicks31@whitehouse.gov,2,3,83,27,81
111,83,Arnold,parnold32@netscape.com,4,3,16,24,16
112,2,Green,bgreen33@unc.edu,4,2,83,44,6
113,89,Morgan,jmorgan34@yahoo.com,2,3,4,87,89
114,94,Kelley,pkelley35@imageshack.us,4,3,2,33,7
115,100,Rose,lrose36@simplemachines.org,1,8,15,96,9
116,85,Burke,sburke37@huffingtonpost.com,3,1,64,37,80
117,45,Little,dlittle38@google.ca,3,6,91,80,69
118,59,Morrison,rmorrison39@nba.com,4,5,23,78,81
119,33,Henderson,jhenderson3a@yellowpages.com,4,1,32,39,88
120,52,Spencer,tspencer3b@who.int,1,3,46,92,5
121,73,Pierce,mpierce3c@economist.com,3,8,17,61,49
122,13,Thomas,kthomas3d@foxnews.com,3,2,82,22,61
123,31,Watkins,pwatkins3e@tmall.com,2,2,86,30,22
124,7,Ortiz,wortiz3f@hostgator.com,4,7,12,63,18
125,49,Rogers,hrogers3g@buzzfeed.com,3,1,22,55,36
126,63,Matthews,mmatthews3h@360.cn,2,7,60,90,9
127,100,Scott,escott3i@blogs.com,1,9,39,63,86
128,99,Murray,rmurray3j@abc.net.au,1,7,55,13,31
129,86,Thomas,athomas3k@army.mil,1,10,71,67,40
130,63,Frazier,sfrazier3l@skyrock.com,3,5,48,32,40
131,48,Lawson,klawson3m@yolasite.com,4,9,73,18,65
132,68,Lee,dlee3n@printfriendly.com,4,5,96,37,12
133,80,Scott,vscott3o@bandcamp.com,4,8,44,81,24
134,39,Gomez,jgomez3p@hibu.com,4,3,20,75,18
135,30,Young,tyoung3q@storify.com,4,6,50,22,78
136,15,Fields,afields3r@bbb.org,4,5,47,33,13
137,24,Ruiz,lruiz3s@ucsd.edu,3,7,25,97,64
138,27,Bennett,bbennett3t@amazonaws.com,1,8,5,18,95
139,18,Bailey,rbailey3u@whitehouse.gov,3,10,74,28,99
140,14,Thompson,tthompson3v@cafepress.com,4,5,32,91,89
141,18,Oliver,boliver3w@cyberchimps.com,1,9,18,59,69
142,8,Sullivan,ssullivan3x@tuttocitta.it,2,7,72,81,5
143,47,Garrett,rgarrett3y@networksolutions.com,2,9,48,3,80
144,28,Jackson,rjackson3z@twitpic.com,3,10,63,53,67
145,97,Nelson,rnelson40@flickr.com,1,10,6,33,32
146,15,Fowler,afowler41@ovh.net,2,10,74,82,25
147,20,Diaz,gdiaz42@yahoo.com,2,4,6,27,87
148,42,Banks,rbanks43@gmpg.org,2,7,47,38,79
149,85,Bailey,lbailey44@nih.gov,4,4,82,12,94
150,69,Garrett,agarrett45@usnews.com,4,3,5,36,94
151,50,Hernandez,ahernandez46@engadget.com,4,8,35,39,64
152,72,Fisher,jfisher47@devhub.com,1,10,13,6,81
153,16,Hayes,mhayes48@last.fm,4,9,36,19,85
154,31,Alexander,calexander49@newsvine.com,2,7,14,87,23
155,93,Wilson,awilson4a@rakuten.co.jp,1,8,48,3,51
156,47,Kennedy,kkennedy4b@buzzfeed.com,1,3,16,9,94
157,12,Carter,jcarter4c@oaic.gov.au,2,9,47,35,73
158,33,Ruiz,jruiz4d@infoseek.co.jp,1,2,80,2,76
159,82,Wilson,rwilson4e@nydailynews.com,3,8,91,20,97
160,73,Montgomery,dmontgomery4f@instagram.com,1,4,36,91,47
161,11,Wallace,dwallace4g@imgur.com,1,2,68,78,9
162,34,Diaz,ndiaz4h@prweb.com,2,10,87,91,25
163,76,Fields,afields4i@chron.com,3,10,26,55,14
164,33,Lewis,plewis4j@360.cn,1,4,32,26,47
165,17,Hernandez,mhernandez4k@com.com,3,9,74,15,91
166,89,Peters,speters4l@toplist.cz,2,1,75,44,14
167,90,Palmer,kpalmer4m@chronoengine.com,1,5,96,46,25
168,30,Patterson,lpatterson4n@tuttocitta.it,2,8,60,31,23
169,61,Ferguson,jferguson4o@virginia.edu,4,4,62,35,6
170,91,Fox,gfox4p@lulu.com,3,7,98,35,66
171,54,Reyes,jreyes4q@netlog.com,3,6,21,92,35
172,61,Allen,lallen4r@ocn.ne.jp,3,9,98,11,31
173,18,Watkins,rwatkins4s@furl.net,4,3,4,61,100
174,32,Hall,rhall4t@cloudflare.com,3,2,8,57,62
175,72,Chapman,fchapman4u@cbc.ca,2,1,81,6,27
176,67,Brown,jbrown4v@flavors.me,2,6,65,43,54
177,81,Medina,smedina4w@wikipedia.org,2,2,12,31,99
178,17,White,rwhite4x@posterous.com,1,3,13,4,77
179,58,Ward,cward4y@usatoday.com,1,3,7,30,11
180,16,King,eking4z@weather.com,3,3,76,51,30
181,18,Hudson,rhudson50@upenn.edu,4,1,76,24,33
182,81,Turner,gturner51@list-manage.com,2,8,52,8,50
183,1,Tucker,stucker52@rediff.com,1,10,67,86,16
184,21,Murray,bmurray53@jugem.jp,4,4,48,22,27
185,39,Harvey,sharvey54@usnews.com,2,10,21,51,6
186,66,Bennett,sbennett55@devhub.com,1,3,20,51,31
187,12,Arnold,marnold56@ucla.edu,1,8,71,40,92
188,34,Gomez,agomez57@myspace.com,3,6,8,36,34
189,5,Hall,ihall58@walmart.com,4,8,65,30,54
190,51,Allen,kallen59@surveymonkey.com,3,10,81,24,15
191,1,Vasquez,bvasquez5a@google.de,3,3,81,90,36
192,50,Berry,rberry5b@blog.com,1,6,26,27,47
193,33,Garcia,dgarcia5c@dedecms.com,2,4,26,79,42
194,45,Black,kblack5d@moonfruit.com,2,1,59,9,42
195,26,Clark,rclark5e@a8.net,3,3,42,64,16
196,24,Murphy,mmurphy5f@nifty.com,3,10,67,22,4
197,66,Mason,mmason5g@webs.com,1,9,88,95,95
198,71,Kennedy,akennedy5h@myspace.com,1,4,28,36,4
199,57,Tucker,dtucker5i@cnet.com,3,2,93,51,25
200,68,Nelson,tnelson5j@smugmug.com,1,2,11,87,65
201,96,Schmidt,tschmidt5k@netscape.com,2,8,49,93,51
202,14,Freeman,jfreeman5l@over-blog.com,2,7,12,55,46
203,50,Elliott,delliott5m@surveymonkey.com,2,5,12,4,32
204,9,Brown,bbrown5n@adobe.com,1,8,44,80,32
205,65,Gordon,bgordon5o@so-net.ne.jp,3,8,2,35,86
206,11,Ray,fray5p@networksolutions.com,2,6,85,82,49
207,87,Lewis,dlewis5q@yandex.ru,3,1,24,91,68
208,35,Howell,lhowell5r@sohu.com,3,3,9,77,1
209,37,Franklin,vfranklin5s@wikipedia.org,3,1,31,58,92
210,25,Gonzales,dgonzales5t@blogspot.com,3,10,42,67,39
211,92,Mills,jmills5u@amazon.co.jp,3,10,18,2,80
212,67,Cook,bcook5v@java.com,3,8,53,31,22
213,64,Simmons,asimmons5w@ehow.com,4,2,54,73,1
214,33,Griffin,jgriffin5x@scribd.com,3,9,53,84,51
215,86,Schmidt,eschmidt5y@shop-pro.jp,1,5,56,71,46
216,79,Henry,phenry5z@hexun.com,2,3,86,83,60
217,58,Cruz,scruz60@jugem.jp,3,9,3,73,89
218,75,Morrison,rmorrison61@meetup.com,3,5,97,17,83
219,25,Martinez,jmartinez62@blogspot.com,2,4,22,49,18
220,24,Taylor,ptaylor63@illinois.edu,3,5,53,81,16
221,15,Snyder,bsnyder64@adobe.com,1,2,50,76,35
222,9,Torres,ptorres65@smh.com.au,1,1,28,13,98
223,99,Kennedy,akennedy66@yandex.ru,3,4,95,7,66
224,5,Bradley,tbradley67@gnu.org,1,1,12,3,94
225,91,Riley,driley68@ocn.ne.jp,1,6,16,27,39
226,5,Simmons,msimmons69@wikispaces.com,2,2,31,82,18
227,21,Alexander,walexander6a@altervista.org,4,7,11,2,96
228,41,Cunningham,dcunningham6b@wsj.com,3,7,33,66,78
229,17,Perez,kperez6c@dropbox.com,4,4,30,21,99
230,2,Jones,kjones6d@delicious.com,4,1,24,8,40
231,27,Gonzales,egonzales6e@google.com,3,8,33,26,65
232,51,Patterson,apatterson6f@usa.gov,1,6,19,2,60
233,43,Burton,jburton6g@reuters.com,1,5,94,67,54
234,85,Sims,ssims6h@usa.gov,4,6,15,97,65
235,93,Hicks,mhicks6i@tripadvisor.com,4,10,6,52,68
236,48,Murray,hmurray6j@amazon.co.jp,1,10,12,52,45
237,40,Hicks,rhicks6k@sakura.ne.jp,3,9,76,25,54
238,39,Sanchez,jsanchez6l@hibu.com,4,3,24,41,49
239,21,Pierce,tpierce6m@flavors.me,1,9,5,15,67
240,10,Armstrong,aarmstrong6n@omniture.com,4,8,11,14,7
241,54,Griffin,jgriffin6o@w3.org,3,2,64,4,42
242,94,Chapman,cchapman6p@alibaba.com,1,8,39,3,43
243,12,Kelly,jkelly6q@addthis.com,3,10,35,7,62
244,62,Sanchez,hsanchez6r@cafepress.com,1,7,3,4,87
245,12,Stanley,estanley6s@booking.com,3,2,75,6,73
246,47,Riley,priley6t@xinhuanet.com,1,1,51,82,98
247,8,Wagner,mwagner6u@xinhuanet.com,2,6,39,13,63
248,60,Cole,bcole6v@washington.edu,1,2,84,77,18
249,31,Coleman,ccoleman6w@google.it,1,10,70,52,32
250,62,Lawson,mlawson6x@paypal.com,3,3,44,79,12
251,73,Walker,swalker6y@icio.us,4,4,17,63,89
252,64,Ramos,bramos6z@webeden.co.uk,3,6,24,72,79
253,27,Thomas,sthomas70@wsj.com,1,9,99,24,54
254,84,Lane,elane71@newsvine.com,4,10,63,34,80
255,46,Simmons,msimmons72@nih.gov,4,8,82,12,53
256,25,Hart,ahart73@blogger.com,2,5,39,35,80
257,67,Cooper,jcooper74@wiley.com,2,7,12,70,85
258,86,Ray,sray75@yelp.com,4,3,39,84,56
259,2,Lewis,glewis76@dot.gov,1,6,76,2,17
260,55,Simmons,ssimmons77@nps.gov,3,4,21,66,60
261,63,Burns,dburns78@paginegialle.it,4,9,46,14,52
262,1,Hunter,thunter79@examiner.com,3,10,61,47,92
263,55,Cunningham,jcunningham7a@engadget.com,1,4,23,31,70
264,76,Perry,jperry7b@berkeley.edu,1,7,8,92,54
265,29,Woods,vwoods7c@cdc.gov,2,10,33,5,27
266,18,Burns,mburns7d@xrea.com,1,2,14,7,54
267,84,Cunningham,jcunningham7e@berkeley.edu,4,4,46,96,31
268,47,Flores,dflores7f@cnn.com,2,1,1,96,80
269,24,Lane,slane7g@imdb.com,4,10,28,91,61
270,93,Gomez,jgomez7h@devhub.com,4,10,26,77,89
271,29,Jackson,jjackson7i@google.nl,2,9,14,28,7
272,86,Chavez,mchavez7j@washingtonpost.com,1,8,71,58,65
273,89,Gomez,kgomez7k@zimbio.com,2,10,76,43,38
274,41,Flores,tflores7l@networkadvertising.org,1,5,83,69,77
275,93,Wheeler,swheeler7m@goodreads.com,2,7,90,32,62
276,62,Robertson,jrobertson7n@opera.com,2,1,47,72,99
277,26,Turner,jturner7o@ted.com,3,8,45,62,86
278,15,Coleman,hcoleman7p@google.com.au,3,10,84,26,98
279,70,Williams,cwilliams7q@sfgate.com,2,3,17,65,72
280,90,George,ggeorge7r@godaddy.com,2,5,11,26,48
281,61,Anderson,janderson7s@com.com,4,3,32,84,43
282,91,Reyes,rreyes7t@godaddy.com,3,9,85,98,70
283,66,Hernandez,ahernandez7u@facebook.com,2,5,53,72,50
284,68,Reynolds,mreynolds7v@miibeian.gov.cn,4,10,16,85,10
285,85,Olson,colson7w@ustream.tv,3,5,73,44,30
286,43,Murphy,wmurphy7x@phoca.cz,4,4,80,10,48
287,94,Foster,jfoster7y@360.cn,1,4,53,94,65
288,52,Tucker,ktucker7z@cbc.ca,4,2,51,64,49
289,63,Butler,vbutler80@noaa.gov,4,3,19,81,85
290,27,Parker,pparker81@rediff.com,1,2,32,32,78
291,55,Nelson,mnelson82@yandex.ru,1,2,56,25,53
292,13,Gutierrez,cgutierrez83@patch.com,4,7,31,11,37
293,9,Hamilton,ahamilton84@trellian.com,4,4,30,73,5
294,98,Rice,mrice85@sakura.ne.jp,4,4,23,23,20
295,37,Walker,swalker86@timesonline.co.uk,2,8,18,35,89
296,59,Price,cprice87@macromedia.com,4,8,31,26,48
297,90,Reynolds,freynolds88@themeforest.net,3,4,97,15,92
298,54,Grant,agrant89@upenn.edu,3,5,31,4,23
299,35,Jackson,sjackson8a@biglobe.ne.jp,4,2,45,75,55
300,30,Hall,ahall8b@topsy.com,1,3,35,57,75
301,71,Sims,asims8c@cnet.com,2,3,60,21,83
302,8,Mcdonald,lmcdonald8d@addtoany.com,1,8,70,99,88
303,95,Andrews,dandrews8e@myspace.com,2,1,95,45,31
304,97,Hanson,thanson8f@loc.gov,1,10,14,48,62
305,37,Gomez,rgomez8g@usnews.com,2,6,27,30,75
306,75,Mcdonald,lmcdonald8h@unesco.org,2,3,81,100,29
307,51,Garza,ngarza8i@prnewswire.com,4,9,1,70,48
308,63,Coleman,scoleman8j@bing.com,2,6,47,57,82
309,81,Robertson,drobertson8k@stumbleupon.com,3,4,67,33,96
310,70,Rodriguez,jrodriguez8l@multiply.com,1,5,22,43,96
311,97,James,jjames8m@ocn.ne.jp,3,2,40,69,18
312,50,Reed,rreed8n@businesswire.com,3,9,28,31,5
313,41,Ellis,jellis8o@uiuc.edu,4,3,67,91,64
314,2,Meyer,rmeyer8p@loc.gov,4,7,73,23,14
315,92,Franklin,rfranklin8q@desdev.cn,1,8,97,8,62
316,16,Hernandez,shernandez8r@google.com,1,3,82,5,99
317,9,Ramirez,jramirez8s@nps.gov,1,1,66,82,29
318,3,Reid,rreid8t@exblog.jp,4,1,77,4,88
319,18,Martinez,dmartinez8u@weebly.com,4,10,48,19,3
320,4,Porter,aporter8v@mail.ru,4,1,15,33,25
321,76,Chapman,jchapman8w@slate.com,3,9,2,6,24
322,92,Rogers,jrogers8x@oaic.gov.au,4,2,92,43,92
323,79,Ramirez,jramirez8y@discovery.com,4,1,46,50,7
324,11,Anderson,panderson8z@boston.com,4,1,20,45,80
325,9,Andrews,candrews90@webnode.com,4,7,99,73,4
326,42,Howard,choward91@live.com,1,8,99,100,44
327,73,Ramos,jramos92@gravatar.com,3,2,49,47,99
328,40,Simmons,msimmons93@timesonline.co.uk,3,8,64,100,65
329,24,King,gking94@networksolutions.com,4,2,85,1,31
330,91,Ferguson,dferguson95@last.fm,3,3,64,1,20
331,92,Banks,pbanks96@stumbleupon.com,1,1,75,84,76
332,54,Graham,pgraham97@marketwatch.com,1,6,26,41,22
333,43,Porter,rporter98@fema.gov,2,6,82,12,90
334,75,Scott,iscott99@tripod.com,3,3,17,24,69
335,96,Bishop,mbishop9a@sitemeter.com,3,9,44,35,95
336,29,Dean,rdean9b@meetup.com,1,7,83,46,34
337,7,Ross,jross9c@skype.com,1,8,19,24,69
338,92,Lee,tlee9d@spiegel.de,2,8,22,9,27
339,5,Fernandez,sfernandez9e@mtv.com,2,9,97,44,33
340,36,Myers,jmyers9f@about.me,4,9,91,22,25
341,10,Williams,jwilliams9g@eventbrite.com,1,8,78,34,9
342,43,Nelson,snelson9h@devhub.com,2,9,25,13,28
343,11,Garrett,agarrett9i@cam.ac.uk,1,1,81,97,61
344,67,Hill,chill9j@deliciousdays.com,4,9,46,2,62
345,47,Boyd,jboyd9k@mashable.com,3,10,56,60,47
346,94,Murray,cmurray9l@jigsy.com,4,8,83,53,13
347,31,Porter,eporter9m@usnews.com,4,8,66,41,7
348,82,Ward,tward9n@cbslocal.com,3,1,43,63,66
349,52,Simmons,esimmons9o@washington.edu,4,7,36,71,25
350,19,Freeman,jfreeman9p@vkontakte.ru,3,2,85,75,5
351,9,Franklin,kfranklin9q@imdb.com,4,3,31,20,86
352,81,Sanchez,psanchez9r@ed.gov,3,3,89,11,83
353,10,Welch,cwelch9s@europa.eu,1,9,7,8,31
354,74,Henry,mhenry9t@prlog.org,2,8,31,94,80
355,9,Scott,dscott9u@sphinn.com,3,8,56,86,29
356,98,Kennedy,lkennedy9v@npr.org,4,8,49,30,54
357,36,Garza,mgarza9w@nationalgeographic.com,3,6,6,47,74
358,41,Alexander,malexander9x@scientificamerican.com,3,9,21,43,27
359,67,Garrett,mgarrett9y@ocn.ne.jp,3,8,59,30,35
360,60,Sullivan,csullivan9z@github.com,1,1,98,64,73
361,58,Riley,hrileya0@boston.com,3,7,91,78,63
362,73,Morales,pmoralesa1@webmd.com,2,4,69,29,23
363,92,Willis,jwillisa2@soundcloud.com,3,4,79,28,79
364,41,Butler,kbutlera3@bloglovin.com,3,10,22,76,72
365,54,Fisher,jfishera4@wisc.edu,4,5,7,76,96
366,21,Bowman,jbowmana5@scribd.com,4,8,43,96,97
367,19,Campbell,ccampbella6@youtube.com,4,9,13,14,20
368,99,Washington,jwashingtona7@tripod.com,2,10,50,13,20
369,1,Wood,jwooda8@comcast.net,2,2,51,5,54
370,13,Austin,taustina9@reference.com,2,3,86,11,1
371,46,Burke,aburkeaa@gnu.org,3,4,7,12,64
372,35,Grant,sgrantab@51.la,2,8,7,52,89
373,29,James,bjamesac@cafepress.com,4,2,36,22,50
374,84,Larson,rlarsonad@ted.com,1,4,77,77,5
375,30,Gibson,agibsonae@amazon.de,1,3,62,37,42
376,86,Rice,sriceaf@ftc.gov,2,2,80,80,46
377,97,Bennett,dbennettag@hc360.com,4,1,28,42,24
378,37,Gonzalez,cgonzalezah@chicagotribune.com,3,4,22,74,30
379,35,Holmes,dholmesai@shop-pro.jp,1,7,92,25,44
380,57,Williamson,rwilliamsonaj@lulu.com,3,6,54,32,99
381,98,Bryant,jbryantak@twitpic.com,1,5,73,32,100
382,36,Ortiz,lortizal@skype.com,2,7,50,24,94
383,44,Kelly,pkellyam@eventbrite.com,4,10,88,98,77
384,14,Matthews,mmatthewsan@java.com,2,3,34,47,84
385,57,Romero,lromeroao@chronoengine.com,2,6,86,67,71
386,3,Long,dlongap@prnewswire.com,1,8,14,75,19
387,57,Wilson,jwilsonaq@sitemeter.com,1,7,14,50,68
388,14,Carpenter,rcarpenterar@ehow.com,3,7,88,79,27
389,9,Collins,hcollinsas@netscape.com,4,7,31,52,35
390,36,Richards,crichardsat@utexas.edu,2,6,91,90,78
391,57,Carr,jcarrau@ted.com,2,1,82,4,31
392,80,Ortiz,kortizav@netvibes.com,1,6,49,93,63
393,24,Pierce,mpierceaw@time.com,2,4,51,69,52
394,49,Wells,jwellsax@washingtonpost.com,1,1,73,88,19
395,81,Garza,jgarzaay@hexun.com,1,10,73,96,83
396,92,Bell,fbellaz@imageshack.us,3,1,53,46,26
397,100,Warren,swarrenb0@etsy.com,2,9,67,65,85
398,43,Johnson,bjohnsonb1@globo.com,3,5,89,46,43
399,43,Franklin,lfranklinb2@parallels.com,4,10,17,73,19
400,13,West,swestb3@ehow.com,2,1,96,32,60
401,38,Hansen,dhansenb4@upenn.edu,4,9,94,12,14
402,10,Mills,lmillsb5@merriam-webster.com,3,3,84,63,54
403,36,Williamson,kwilliamsonb6@latimes.com,4,6,93,8,78
404,77,Wood,awoodb7@bluehost.com,2,9,22,68,33
405,100,Cooper,ccooperb8@altervista.org,1,10,35,53,27
406,55,Morris,mmorrisb9@purevolume.com,1,1,10,23,71
407,95,Cox,mcoxba@yellowpages.com,4,6,66,87,55
408,5,Tucker,atuckerbb@lycos.com,1,5,54,68,76
409,63,Alvarez,jalvarezbc@infoseek.co.jp,2,10,67,85,72
410,58,Green,jgreenbd@netlog.com,2,10,45,88,29
411,67,Rice,bricebe@ucsd.edu,2,5,27,77,92
412,26,Lawson,rlawsonbf@typepad.com,1,6,43,15,15
413,82,Watkins,jwatkinsbg@paypal.com,2,8,85,33,36
414,16,Washington,cwashingtonbh@census.gov,2,3,90,4,45
415,27,Lopez,blopezbi@cloudflare.com,1,1,6,23,61
416,46,Martin,jmartinbj@businessinsider.com,2,9,30,81,8
417,49,Fisher,lfisherbk@mozilla.com,1,10,27,69,89
418,48,Jordan,bjordanbl@tmall.com,3,1,19,46,37
419,43,Sullivan,hsullivanbm@wufoo.com,3,7,7,10,38
420,63,Freeman,gfreemanbn@gnu.org,4,7,48,91,34
421,76,Morris,dmorrisbo@parallels.com,3,4,50,50,25
422,65,Kelley,akelleybp@trellian.com,4,3,56,17,10
423,12,Jordan,tjordanbq@blogger.com,2,10,96,22,30
424,45,Coleman,jcolemanbr@comcast.net,4,3,71,25,76
425,61,Frazier,hfrazierbs@berkeley.edu,2,8,70,96,53
426,10,Lawrence,alawrencebt@dailymotion.com,4,5,13,48,90
427,36,Schmidt,jschmidtbu@berkeley.edu,3,1,32,17,81
428,40,Hernandez,dhernandezbv@typepad.com,2,2,84,46,73
429,32,Graham,agrahambw@tinypic.com,4,5,68,83,88
430,60,Howard,ahowardbx@fda.gov,4,3,8,57,3
431,94,Snyder,ksnyderby@nih.gov,2,1,74,39,71
432,34,Sims,ssimsbz@abc.net.au,1,7,56,7,34
433,44,Anderson,kandersonc0@wikimedia.org,2,9,69,17,26
434,51,Bradley,pbradleyc1@eventbrite.com,3,8,82,85,51
435,32,Cunningham,acunninghamc2@pbs.org,3,6,26,54,29
436,33,Palmer,apalmerc3@independent.co.uk,1,8,20,60,93
437,24,James,ajamesc4@smugmug.com,1,2,100,47,66
438,65,Jacobs,sjacobsc5@virginia.edu,1,2,100,99,92
439,12,Johnson,jjohnsonc6@ca.gov,4,5,30,2,76
440,34,Baker,rbakerc7@cnet.com,2,9,54,63,83
441,74,Armstrong,darmstrongc8@elegantthemes.com,3,4,77,85,35
442,30,Reid,kreidc9@amazon.de,3,8,33,38,63
443,52,Murray,tmurrayca@meetup.com,3,9,7,60,88
444,80,Sims,jsimscb@house.gov,2,10,85,58,89
445,22,Fisher,hfishercc@aol.com,1,9,22,25,61
446,54,Mcdonald,tmcdonaldcd@soup.io,1,7,89,53,96
447,23,Harris,mharrisce@de.vu,1,3,42,81,56
448,61,Stanley,sstanleycf@unesco.org,2,9,10,50,84
449,42,Morales,smoralescg@boston.com,2,6,62,36,4
450,84,Butler,sbutlerch@prweb.com,1,6,24,62,88
451,94,Mills,lmillsci@amazon.com,3,6,51,74,73
452,17,Simmons,csimmonscj@live.com,2,6,57,36,42
453,58,Ellis,cellisck@sfgate.com,2,1,47,80,2
454,47,Ryan,jryancl@msu.edu,2,10,53,85,1
455,63,Nichols,rnicholscm@reddit.com,1,5,73,70,56
456,60,Shaw,cshawcn@ifeng.com,1,6,89,81,62
457,57,Russell,rrussellco@fotki.com,2,2,3,44,38
458,48,Lane,slanecp@pinterest.com,4,2,62,16,3
459,73,Banks,ebankscq@thetimes.co.uk,4,8,46,14,70
460,21,Welch,rwelchcr@wix.com,2,3,26,15,50
461,1,Dean,hdeancs@cnet.com,3,10,51,99,24
462,42,Hunter,dhunterct@webmd.com,4,1,9,17,54
463,57,Greene,pgreenecu@hhs.gov,3,3,76,52,47
464,88,Elliott,helliottcv@wikipedia.org,3,3,13,71,35
465,56,Reed,sreedcw@ibm.com,1,2,19,29,5
466,54,Hicks,bhickscx@cpanel.net,2,3,45,7,62
467,26,Andrews,eandrewscy@tripadvisor.com,2,7,33,23,70
468,65,Bailey,wbaileycz@tumblr.com,1,4,59,55,5
469,75,Pierce,gpierced0@craigslist.org,3,2,42,11,25
470,82,Reynolds,dreynoldsd1@mediafire.com,4,3,73,93,3
471,34,Larson,llarsond2@ca.gov,2,10,69,8,48
472,45,Matthews,jmatthewsd3@guardian.co.uk,1,8,60,16,16
473,68,Bowman,jbowmand4@sciencedirect.com,4,9,25,87,12
474,92,Dean,adeand5@nydailynews.com,4,7,24,81,12
475,50,Ward,awardd6@canalblog.com,4,3,36,12,50
476,24,Watkins,cwatkinsd7@woothemes.com,4,2,51,3,90
477,84,West,lwestd8@amazon.co.uk,2,2,26,41,21
478,87,Dunn,ddunnd9@so-net.ne.jp,4,10,39,63,63
479,78,Mason,tmasonda@wsj.com,2,1,79,90,40
480,72,Banks,dbanksdb@w3.org,4,1,22,71,94
481,79,Wright,wwrightdc@hatena.ne.jp,1,4,68,60,54
482,26,Gilbert,pgilbertdd@boston.com,2,10,81,83,71
483,96,Marshall,tmarshallde@tiny.cc,4,8,95,18,74
484,18,King,akingdf@pagesperso-orange.fr,1,8,39,17,5
485,75,Foster,afosterdg@springer.com,4,3,99,65,54
486,76,Cole,pcoledh@mit.edu,1,6,27,43,28
487,71,Mcdonald,gmcdonalddi@dropbox.com,2,6,61,12,31
488,35,Walker,swalkerdj@discuz.net,1,4,89,75,20
489,80,West,rwestdk@army.mil,2,6,48,49,92
490,74,Oliver,moliverdl@technorati.com,4,6,38,24,36
491,97,James,cjamesdm@bloomberg.com,2,10,59,16,31
492,100,Chapman,gchapmandn@scribd.com,4,8,62,83,97
493,33,Kennedy,akennedydo@symantec.com,4,8,21,70,74
494,69,Fowler,cfowlerdp@reddit.com,3,9,46,87,36
495,12,Bowman,tbowmandq@icq.com,2,10,96,35,15
496,37,Reyes,creyesdr@adobe.com,2,7,85,3,78
497,39,Martin,mmartinds@google.es,4,2,89,93,64
498,64,Brooks,bbrooksdt@pinterest.com,3,5,53,40,71
499,68,Owens,aowensdu@shutterfly.com,3,1,80,66,36
500,74,Murphy,pmurphydv@usa.gov,2,3,45,40,51
501,86,Hamilton,ghamiltondw@nps.gov,1,2,75,54,9
502,98,Freeman,jfreemandx@ask.com,3,7,62,36,14
503,94,Harvey,jharveydy@techcrunch.com,2,10,65,4,44
504,7,Bowman,sbowmandz@a8.net,3,6,49,56,82
505,97,Mccoy,jmccoye0@wikia.com,3,8,79,90,80
506,54,Parker,dparkere1@homestead.com,2,7,72,38,84
507,53,Jones,mjonese2@washingtonpost.com,3,7,61,40,35
508,21,Ward,cwarde3@theguardian.com,4,6,21,13,47
509,33,Edwards,nedwardse4@blogtalkradio.com,1,2,10,23,2
510,46,Turner,lturnere5@1und1.de,3,9,84,96,44
511,21,Morales,cmoralese6@rakuten.co.jp,4,4,80,43,55
512,58,Coleman,ecolemane7@craigslist.org,3,3,85,3,74
513,99,Ellis,rellise8@google.de,4,9,43,37,94
514,13,Baker,rbakere9@redcross.org,1,10,3,83,39
515,17,Jackson,cjacksonea@list-manage.com,4,3,89,41,58
516,9,Gomez,bgomezeb@list-manage.com,4,1,67,43,3
517,100,Ortiz,rortizec@t-online.de,3,5,37,40,93
518,29,Stanley,bstanleyed@indiegogo.com,2,2,39,45,31
519,45,Howell,jhowellee@xinhuanet.com,1,5,36,16,34
520,90,Ford,tfordef@nba.com,2,2,94,47,88
521,92,Palmer,epalmereg@ft.com,4,1,91,85,47
522,24,Cook,ccookeh@dot.gov,1,6,27,28,4
523,18,Chavez,achavezei@pinterest.com,3,5,29,93,46
524,40,Mccoy,kmccoyej@google.cn,4,10,16,29,74
525,32,King,dkingek@cornell.edu,3,3,61,7,48
526,5,Burke,jburkeel@omniture.com,4,8,1,55,79
527,67,Butler,dbutlerem@over-blog.com,2,7,53,29,81
528,25,Gilbert,jgilberten@parallels.com,2,9,58,75,67
529,90,Hall,khalleo@1und1.de,3,10,55,47,90
530,65,Arnold,carnoldep@furl.net,2,8,96,72,90
531,14,Hall,bhalleq@ucoz.com,1,8,15,18,18
532,96,Mcdonald,dmcdonalder@elpais.com,2,3,39,81,42
533,3,Sanders,asanderses@51.la,2,2,77,64,69
534,32,Harrison,charrisonet@godaddy.com,3,9,25,35,74
535,46,Lane,alaneeu@cmu.edu,2,3,74,40,26
536,2,Fuller,kfullerev@amazon.com,1,10,85,69,19
537,10,Peterson,lpetersonew@whitehouse.gov,3,4,99,72,73
538,37,Lawson,dlawsonex@engadget.com,4,10,63,12,19
539,4,Bradley,jbradleyey@cnbc.com,3,3,55,68,9
540,19,Wagner,jwagnerez@imgur.com,1,4,81,83,79
541,62,Johnston,fjohnstonf0@tiny.cc,4,9,5,79,100
542,27,Wallace,kwallacef1@yolasite.com,4,2,100,62,99
543,31,Carter,lcarterf2@quantcast.com,4,5,39,27,66
544,47,Long,alongf3@yelp.com,3,7,40,5,41
545,85,Bailey,bbaileyf4@opensource.org,4,3,78,23,56
546,11,Fox,wfoxf5@vkontakte.ru,4,9,74,3,46
547,67,Porter,jporterf6@microsoft.com,2,6,15,85,66
548,27,King,dkingf7@list-manage.com,4,6,73,12,53
549,20,Foster,kfosterf8@blogtalkradio.com,2,5,60,31,80
550,4,Austin,raustinf9@un.org,1,4,65,66,22
551,23,Dunn,kdunnfa@github.io,4,9,56,67,27
552,64,King,jkingfb@yolasite.com,4,7,62,71,35
553,10,Spencer,sspencerfc@narod.ru,3,6,84,66,91
554,5,Torres,wtorresfd@elegantthemes.com,4,9,86,82,19
555,40,Anderson,landersonfe@state.tx.us,2,5,58,53,26
556,82,Jones,cjonesff@bravesites.com,3,2,45,1,10
557,38,Lawrence,mlawrencefg@dion.ne.jp,2,7,14,47,90
558,39,Allen,jallenfh@sogou.com,2,6,8,9,40
559,55,Harris,kharrisfi@dailymail.co.uk,3,7,56,66,45
560,99,Ellis,mellisfj@skyrock.com,1,7,49,92,73
561,76,Evans,cevansfk@jimdo.com,4,10,18,49,60
562,61,Perry,jperryfl@imgur.com,4,10,72,22,47
563,80,Gonzalez,mgonzalezfm@dell.com,3,5,46,74,53
564,87,Baker,nbakerfn@so-net.ne.jp,2,9,20,92,69
565,99,Miller,amillerfo@earthlink.net,3,1,3,73,61
566,29,Lopez,llopezfp@washingtonpost.com,1,2,22,39,46
567,83,Wood,twoodfq@scribd.com,4,9,97,92,1
568,63,Warren,swarrenfr@github.com,3,10,77,1,74
569,69,Perkins,sperkinsfs@discovery.com,2,4,68,58,25
570,35,Watkins,jwatkinsft@ucsd.edu,3,7,67,21,77
571,62,Mcdonald,amcdonaldfu@smh.com.au,2,7,28,7,2
572,88,Richardson,frichardsonfv@4shared.com,3,4,68,20,91
573,65,Lawrence,jlawrencefw@mediafire.com,1,8,88,83,6
574,96,Mendoza,jmendozafx@chicagotribune.com,2,9,5,71,42
575,15,Ferguson,tfergusonfy@ow.ly,4,7,2,51,84
576,5,Gordon,fgordonfz@phoca.cz,4,6,75,75,6
577,51,Gonzalez,ngonzalezg0@yellowbook.com,1,3,54,60,45
578,89,Dean,cdeang1@umn.edu,3,9,55,50,94
579,41,Clark,jclarkg2@is.gd,2,3,52,62,68
580,94,Rose,croseg3@storify.com,4,7,81,10,44
581,44,Daniels,gdanielsg4@freewebs.com,1,4,24,62,90
582,79,Jacobs,ljacobsg5@dot.gov,1,3,13,89,38
583,89,Gordon,tgordong6@jiathis.com,4,8,76,52,41
584,64,Martin,fmarting7@mayoclinic.com,4,2,24,32,11
585,19,Montgomery,nmontgomeryg8@npr.org,2,8,23,63,72
586,49,Edwards,sedwardsg9@de.vu,3,4,48,75,26
587,8,Stanley,mstanleyga@dot.gov,3,6,94,80,18
588,72,Allen,lallengb@skype.com,3,8,3,76,56
589,70,Carter,rcartergc@infoseek.co.jp,3,3,73,50,25
590,46,Grant,bgrantgd@people.com.cn,1,10,55,69,18
591,73,Lynch,hlynchge@canalblog.com,1,1,12,68,95
592,93,Mason,tmasongf@examiner.com,1,7,68,52,1
593,71,Hanson,lhansongg@tuttocitta.it,1,9,84,33,85
594,36,Ferguson,sfergusongh@netlog.com,2,2,38,1,18
595,93,Cunningham,fcunninghamgi@networkadvertising.org,2,8,77,98,57
596,82,Hicks,dhicksgj@t-online.de,4,1,90,62,75
597,5,Snyder,asnydergk@skype.com,3,4,58,62,16
598,86,Martinez,dmartinezgl@comsenz.com,1,4,99,12,26
599,41,Miller,wmillergm@tripadvisor.com,4,10,97,66,18
600,91,Bell,pbellgn@so-net.ne.jp,1,8,56,58,68
601,28,Burton,jburtongo@webmd.com,4,1,23,84,72
602,38,Rice,jricegp@ask.com,3,10,62,62,96
603,13,Snyder,esnydergq@behance.net,2,10,48,60,25
604,56,Crawford,lcrawfordgr@bluehost.com,2,7,57,82,82
605,81,Gardner,dgardnergs@princeton.edu,3,2,62,87,74
606,98,Roberts,brobertsgt@eepurl.com,2,7,99,60,11
607,25,Henderson,chendersongu@indiegogo.com,3,7,88,63,49
608,44,Mcdonald,smcdonaldgv@businessweek.com,2,9,43,34,24
609,93,Owens,rowensgw@studiopress.com,4,6,52,8,75
610,83,Robertson,krobertsongx@fastcompany.com,3,10,87,7,65
611,82,Pierce,wpiercegy@chronoengine.com,4,2,44,2,54
612,53,Clark,aclarkgz@army.mil,3,9,68,29,78
613,44,Nguyen,anguyenh0@simplemachines.org,1,4,95,8,15
614,69,Adams,jadamsh1@simplemachines.org,3,2,59,67,100
615,74,Ramos,dramosh2@arstechnica.com,4,10,93,73,29
616,90,Carpenter,bcarpenterh3@blogger.com,1,9,78,65,51
617,92,Robertson,jrobertsonh4@amazon.co.uk,1,10,61,16,42
618,65,Thomas,dthomash5@webeden.co.uk,2,7,64,91,96
619,37,Thompson,gthompsonh6@symantec.com,1,3,77,8,66
620,92,Perkins,nperkinsh7@pinterest.com,1,10,16,80,86
621,14,Morales,jmoralesh8@cam.ac.uk,1,5,22,95,57
622,78,Lawrence,klawrenceh9@cafepress.com,3,5,56,34,24
623,64,Freeman,efreemanha@amazonaws.com,2,4,12,69,8
624,81,Rice,cricehb@wufoo.com,3,3,87,77,50
625,35,Dunn,adunnhc@wikispaces.com,2,5,71,30,20
626,69,Day,jdayhd@ucoz.ru,4,6,84,62,14
627,88,Ferguson,jfergusonhe@ehow.com,4,5,96,11,60
628,25,Palmer,rpalmerhf@pbs.org,3,3,64,67,56
629,81,Hawkins,thawkinshg@admin.ch,2,3,29,98,51
630,64,Willis,jwillishh@mozilla.org,3,2,38,13,58
631,83,Reynolds,dreynoldshi@ycombinator.com,1,6,3,50,10
632,29,Roberts,rrobertshj@amazon.com,4,4,40,41,84
633,40,Gray,jgrayhk@theatlantic.com,4,7,29,63,50
634,37,Green,bgreenhl@cbc.ca,3,8,26,66,9
635,26,Williams,jwilliamshm@globo.com,1,10,52,7,13
636,84,Williamson,jwilliamsonhn@google.pl,3,5,80,84,55
637,10,Hawkins,jhawkinsho@scientificamerican.com,1,7,84,25,99
638,35,Ford,wfordhp@xinhuanet.com,1,6,78,41,1
639,24,Richardson,arichardsonhq@ucoz.ru,2,10,13,84,43
640,64,Wells,pwellshr@cnn.com,4,1,19,9,63
641,46,Hicks,chickshs@illinois.edu,4,2,80,71,58
642,45,Robinson,rrobinsonht@shop-pro.jp,2,9,84,72,34
643,25,Elliott,selliotthu@ucla.edu,2,5,66,87,19
644,1,Reynolds,breynoldshv@apache.org,4,8,99,19,16
645,33,Burton,jburtonhw@psu.edu,2,10,14,86,30
646,85,Banks,jbankshx@ox.ac.uk,2,10,85,88,27
647,48,Bailey,bbaileyhy@chronoengine.com,2,6,1,44,67
648,46,Burke,aburkehz@economist.com,2,5,36,16,71
649,81,Gomez,cgomezi0@salon.com,2,8,98,50,17
650,36,Ramos,bramosi1@gmpg.org,3,3,28,88,92
651,66,Barnes,rbarnesi2@squidoo.com,1,6,36,84,87
652,67,Baker,tbakeri3@statcounter.com,3,10,71,12,81
653,92,Bailey,vbaileyi4@prweb.com,4,10,38,59,66
654,6,Clark,cclarki5@hubpages.com,4,1,66,73,37
655,25,Gutierrez,jgutierrezi6@wikia.com,4,10,8,78,15
656,42,Richardson,crichardsoni7@answers.com,1,8,82,70,35
657,64,Lynch,dlynchi8@upenn.edu,1,5,29,86,24
658,35,King,bkingi9@archive.org,2,3,46,96,12
659,42,Simpson,ssimpsonia@bandcamp.com,2,9,94,54,57
660,86,Thomas,nthomasib@mysql.com,3,9,19,47,20
661,60,Reid,creidic@paypal.com,2,3,95,54,49
662,24,Wells,nwellsid@altervista.org,1,8,100,72,19
663,29,Romero,aromeroie@github.com,2,1,79,25,21
664,79,Richards,brichardsif@bandcamp.com,3,3,65,89,25
665,51,Rose,rroseig@buzzfeed.com,1,2,57,79,61
666,93,Palmer,apalmerih@opera.com,4,2,45,42,15
667,69,Lawson,hlawsonii@artisteer.com,4,5,51,16,95
668,41,Ruiz,aruizij@oakley.com,3,3,22,20,87
669,16,Sims,hsimsik@acquirethisname.com,4,2,65,81,9
670,96,Reid,sreidil@dion.ne.jp,2,10,15,86,10
671,1,Bailey,pbaileyim@webnode.com,3,5,33,32,27
672,12,Lane,alanein@sitemeter.com,4,1,91,73,70
673,14,Medina,tmedinaio@canalblog.com,1,3,33,63,30
674,51,Anderson,jandersonip@disqus.com,3,10,17,17,51
675,81,Johnston,fjohnstoniq@amazon.co.jp,1,4,25,62,2
676,4,Knight,lknightir@1und1.de,3,1,53,3,58
677,82,Jordan,rjordanis@twitter.com,3,7,26,80,37
678,90,Harper,gharperit@bloomberg.com,2,6,46,26,67
679,12,Austin,gaustiniu@businesswire.com,1,2,71,27,47
680,2,Alexander,jalexanderiv@tinyurl.com,3,3,55,4,7
681,10,Arnold,varnoldiw@photobucket.com,1,2,91,14,93
682,80,Cook,tcookix@columbia.edu,3,5,90,38,82
683,86,Miller,tmilleriy@foxnews.com,4,3,78,63,41
684,88,Perez,ppereziz@networkadvertising.org,2,7,72,94,6
685,2,Austin,jaustinj0@flavors.me,4,10,12,8,15
686,81,Bishop,ibishopj1@cocolog-nifty.com,1,1,51,95,36
687,90,Boyd,mboydj2@uol.com.br,3,4,33,47,74
688,51,Meyer,mmeyerj3@wikispaces.com,2,10,85,72,87
689,76,Cruz,kcruzj4@columbia.edu,3,3,5,11,96
690,14,Powell,wpowellj5@statcounter.com,2,2,93,81,14
691,25,Green,fgreenj6@google.nl,4,1,3,38,35
692,80,Robinson,trobinsonj7@rediff.com,1,3,15,77,88
693,68,Montgomery,mmontgomeryj8@apache.org,2,7,97,40,54
694,36,Stanley,dstanleyj9@illinois.edu,3,5,84,14,49
695,58,Gonzalez,sgonzalezja@angelfire.com,4,3,57,81,14
696,47,Cunningham,pcunninghamjb@artisteer.com,1,3,63,87,73
697,14,Montgomery,lmontgomeryjc@hexun.com,3,1,87,64,14
698,18,Duncan,eduncanjd@reuters.com,3,10,19,63,11
699,14,Moreno,mmorenoje@mac.com,1,3,46,90,9
700,30,Russell,brusselljf@pinterest.com,2,4,79,64,39
701,21,Ryan,rryanjg@shutterfly.com,1,4,36,22,40
702,84,Stewart,mstewartjh@psu.edu,3,7,17,5,87
703,9,Diaz,rdiazji@printfriendly.com,4,4,4,3,45
704,5,Hamilton,phamiltonjj@multiply.com,3,1,89,87,10
705,34,Armstrong,aarmstrongjk@homestead.com,4,9,29,37,85
706,29,Chavez,schavezjl@addtoany.com,1,9,83,68,96
707,51,Stanley,bstanleyjm@redcross.org,1,3,49,74,13
708,77,Frazier,cfrazierjn@yahoo.com,2,8,95,68,67
709,96,Russell,arusselljo@google.co.uk,3,6,91,7,39
710,6,West,mwestjp@geocities.jp,4,1,25,40,17
711,6,Campbell,rcampbelljq@webnode.com,4,8,41,98,53
712,34,Wood,ewoodjr@tripod.com,1,6,62,92,18
713,35,Lopez,dlopezjs@jimdo.com,2,10,6,60,4
714,50,Grant,sgrantjt@tiny.cc,2,8,63,65,47
715,10,Barnes,pbarnesju@squarespace.com,3,2,16,80,3
716,33,Ford,rfordjv@csmonitor.com,1,10,54,38,47
717,81,Oliver,roliverjw@hatena.ne.jp,4,7,43,42,82
718,36,Boyd,jboydjx@fema.gov,2,3,54,98,26
719,12,Chapman,cchapmanjy@amazon.co.jp,3,3,92,75,17
720,13,Ford,efordjz@unc.edu,2,1,52,60,92
721,31,Hernandez,ahernandezk0@rambler.ru,2,3,84,100,42
722,38,Adams,hadamsk1@wisc.edu,4,2,77,86,38
723,35,Wallace,jwallacek2@is.gd,1,7,88,45,3
724,99,Chapman,echapmank3@arizona.edu,2,7,42,61,17
725,1,Ray,srayk4@behance.net,3,10,50,32,92
726,93,Williams,dwilliamsk5@miitbeian.gov.cn,4,4,73,10,87
727,66,Morgan,kmorgank6@technorati.com,1,10,38,2,69
728,50,Morgan,mmorgank7@quantcast.com,4,1,68,17,10
729,67,Castillo,hcastillok8@comsenz.com,1,4,12,5,81
730,45,Thomas,nthomask9@goo.gl,2,7,41,77,59
731,86,Porter,tporterka@vk.com,1,3,38,60,93
732,66,Stanley,astanleykb@ed.gov,2,7,1,75,25
733,48,Austin,jaustinkc@t-online.de,4,5,12,89,61
734,99,Black,kblackkd@cnet.com,2,2,75,59,5
735,47,Hicks,lhickske@blog.com,1,2,76,68,32
736,34,Rogers,trogerskf@salon.com,1,3,77,24,21
737,74,Chavez,tchavezkg@netlog.com,1,5,70,3,79
738,66,Martin,rmartinkh@bandcamp.com,3,7,66,51,62
739,50,Riley,arileyki@devhub.com,4,5,40,41,58
740,20,Hall,challkj@taobao.com,3,6,43,59,72
741,75,Gibson,mgibsonkk@flickr.com,4,3,56,66,62
742,71,Howell,phowellkl@tuttocitta.it,2,3,84,90,35
743,8,Franklin,rfranklinkm@t-online.de,3,6,20,6,20
744,67,Richardson,jrichardsonkn@imdb.com,4,8,89,90,73
745,14,Johnston,kjohnstonko@4shared.com,3,2,26,11,90
746,75,Carroll,dcarrollkp@linkedin.com,2,8,29,12,45
747,15,Lawson,clawsonkq@arstechnica.com,2,4,78,17,86
748,4,Jenkins,wjenkinskr@yandex.ru,4,9,26,36,4
749,29,Hart,dhartks@webs.com,2,6,35,42,20
750,56,Perkins,rperkinskt@hatena.ne.jp,2,5,28,23,75
751,84,Nelson,cnelsonku@apache.org,3,4,48,24,86
752,84,Crawford,gcrawfordkv@multiply.com,3,2,83,73,20
753,62,Allen,fallenkw@marketwatch.com,3,2,35,99,8
754,83,Nichols,snicholskx@wikia.com,3,6,94,46,17
755,81,Daniels,jdanielsky@state.gov,3,9,77,18,73
756,57,Cook,ecookkz@mtv.com,3,1,60,4,3
757,59,Nichols,fnicholsl0@etsy.com,2,5,1,4,98
758,92,Johnson,cjohnsonl1@cloudflare.com,1,8,97,28,33
759,28,Ellis,pellisl2@msu.edu,1,9,53,7,97
760,55,Gutierrez,fgutierrezl3@washington.edu,1,9,65,57,22
761,67,Gonzales,rgonzalesl4@japanpost.jp,2,8,99,85,48
762,49,Martin,amartinl5@imageshack.us,2,6,67,16,91
763,18,Hart,hhartl6@1688.com,3,3,41,60,79
764,69,Pierce,npiercel7@surveymonkey.com,3,4,50,11,26
765,85,Fuller,jfullerl8@va.gov,4,9,84,69,3
766,54,Diaz,ediazl9@thetimes.co.uk,1,4,6,36,55
767,27,Chavez,dchavezla@discuz.net,4,3,11,47,25
768,54,Marshall,rmarshalllb@wired.com,4,10,21,80,51
769,58,Hunt,phuntlc@pcworld.com,3,6,93,54,4
770,51,Wagner,rwagnerld@abc.net.au,4,5,16,80,77
771,30,Rice,mricele@typepad.com,2,9,65,3,41
772,71,Stevens,astevenslf@sogou.com,2,1,17,55,82
773,62,Hughes,mhugheslg@123-reg.co.uk,1,6,58,42,54
774,75,Robertson,jrobertsonlh@oracle.com,2,7,100,45,79
775,59,Dunn,adunnli@instagram.com,2,1,5,54,92
776,36,Wagner,cwagnerlj@themeforest.net,3,3,50,93,51
777,44,Morales,bmoraleslk@webnode.com,2,8,19,42,13
778,49,Cunningham,tcunninghamll@wired.com,1,5,97,24,40
779,61,Romero,lromerolm@list-manage.com,2,9,56,6,5
780,22,George,cgeorgeln@studiopress.com,3,2,10,24,48
781,72,Sanchez,isanchezlo@a8.net,4,5,71,26,80
782,67,Smith,asmithlp@miitbeian.gov.cn,1,6,52,62,53
783,38,Thompson,cthompsonlq@ezinearticles.com,3,8,70,3,13
784,32,Morrison,jmorrisonlr@answers.com,3,4,63,81,17
785,9,Medina,pmedinals@about.me,4,8,31,80,33
786,18,Williamson,cwilliamsonlt@cargocollective.com,4,5,80,5,35
787,84,Stone,dstonelu@flickr.com,2,1,30,72,99
788,9,Thompson,jthompsonlv@disqus.com,1,8,77,15,15
789,37,Evans,eevanslw@microsoft.com,4,8,65,44,20
790,79,Palmer,cpalmerlx@cisco.com,4,8,88,8,43
791,94,Sanders,esandersly@cnn.com,1,9,100,89,72
792,54,Adams,madamslz@addtoany.com,3,2,96,89,76
793,26,Hall,shallm0@wufoo.com,3,9,5,56,97
794,99,Jackson,sjacksonm1@miibeian.gov.cn,3,9,92,34,92
795,6,Stephens,bstephensm2@toplist.cz,2,4,18,31,74
796,52,Ramirez,aramirezm3@moonfruit.com,3,5,69,55,14
797,12,Wheeler,jwheelerm4@list-manage.com,4,9,36,30,78
798,37,Morales,hmoralesm5@typepad.com,3,4,89,37,1
799,92,Vasquez,tvasquezm6@google.com,4,5,27,44,6
800,8,Coleman,mcolemanm7@washington.edu,1,1,92,100,31
801,69,Sanchez,jsanchezm8@theglobeandmail.com,1,5,61,49,98
802,61,Ryan,wryanm9@friendfeed.com,1,3,40,67,62
803,96,Nichols,dnicholsma@fotki.com,4,7,4,7,18
804,66,Snyder,rsnydermb@surveymonkey.com,3,3,66,22,10
805,29,Hamilton,jhamiltonmc@bing.com,4,2,29,32,19
806,97,Young,cyoungmd@jimdo.com,4,3,61,13,66
807,100,Howell,mhowellme@nature.com,2,5,47,9,84
808,76,Wagner,swagnermf@discovery.com,1,5,86,96,12
809,48,Austin,haustinmg@bloomberg.com,4,5,94,73,75
810,74,Black,sblackmh@over-blog.com,1,5,26,6,78
811,38,Hayes,dhayesmi@huffingtonpost.com,2,6,73,81,96
812,2,Bailey,abaileymj@angelfire.com,2,10,77,58,58
813,78,Henry,shenrymk@smugmug.com,4,8,19,8,32
814,56,Romero,wromeroml@4shared.com,4,3,49,7,84
815,78,Butler,dbutlermm@umich.edu,1,3,13,48,27
816,84,Matthews,lmatthewsmn@indiatimes.com,1,9,80,57,5
817,97,Arnold,barnoldmo@g.co,1,1,99,77,8
818,41,Torres,jtorresmp@is.gd,4,5,95,23,83
819,75,Woods,bwoodsmq@google.ca,3,9,5,37,56
820,86,Tucker,rtuckermr@wikia.com,1,1,14,60,23
821,50,Chavez,achavezms@xrea.com,4,10,100,41,55
822,66,Harris,wharrismt@quantcast.com,4,6,30,76,75
823,66,Morrison,lmorrisonmu@ca.gov,2,2,43,100,7
824,40,Franklin,mfranklinmv@163.com,3,1,39,62,16
825,39,Gilbert,jgilbertmw@dion.ne.jp,4,1,59,7,92
826,24,Hudson,khudsonmx@hugedomains.com,4,6,70,70,52
827,62,Greene,sgreenemy@oakley.com,4,7,100,32,96
828,82,Mills,nmillsmz@nih.gov,2,2,87,77,34
829,77,Nichols,tnicholsn0@sitemeter.com,4,1,27,66,68
830,51,Hayes,jhayesn1@archive.org,3,5,90,18,38
831,83,Fowler,rfowlern2@elegantthemes.com,2,4,96,8,6
832,76,Long,clongn3@harvard.edu,1,6,27,19,24
833,11,Fowler,kfowlern4@reuters.com,1,7,77,68,64
834,10,Romero,mromeron5@forbes.com,3,3,82,58,30
835,83,Gomez,kgomezn6@sciencedirect.com,4,2,58,92,80
836,99,Anderson,aandersonn7@nifty.com,2,5,7,7,71
837,2,Alexander,balexandern8@amazon.de,4,9,34,58,31
838,13,Bennett,abennettn9@soundcloud.com,2,7,75,1,78
839,41,Fernandez,rfernandezna@pinterest.com,1,9,58,19,94
840,58,Price,mpricenb@constantcontact.com,3,4,72,100,40
841,69,Diaz,adiaznc@surveymonkey.com,3,1,90,46,33
842,97,Armstrong,aarmstrongnd@thetimes.co.uk,3,9,55,85,100
843,55,Hernandez,chernandezne@skyrock.com,3,7,50,59,70
844,39,Brooks,dbrooksnf@theguardian.com,4,9,79,35,33
845,71,Black,jblackng@dagondesign.com,4,7,48,39,13
846,93,Flores,sfloresnh@xinhuanet.com,3,1,65,6,75
847,5,Bradley,rbradleyni@ucoz.ru,3,5,58,56,100
848,83,Howard,showardnj@nationalgeographic.com,2,3,38,100,79
849,37,Ward,jwardnk@eepurl.com,3,2,10,45,79
850,12,Cruz,hcruznl@creativecommons.org,4,1,75,54,70
851,38,Kennedy,mkennedynm@123-reg.co.uk,2,1,45,59,50
852,90,Pierce,bpiercenn@princeton.edu,1,6,81,84,33
853,80,Cooper,jcooperno@google.pl,1,4,46,72,18
854,8,Boyd,dboydnp@hud.gov,2,3,30,66,53
855,52,Armstrong,sarmstrongnq@globo.com,1,2,26,31,20
856,25,Ellis,aellisnr@who.int,3,4,26,26,49
857,100,Roberts,lrobertsns@cocolog-nifty.com,3,9,82,47,70
858,3,Stewart,rstewartnt@webs.com,4,9,74,38,78
859,97,Marshall,amarshallnu@macromedia.com,4,1,56,54,64
860,35,Medina,rmedinanv@netvibes.com,2,3,19,41,33
861,15,Lawrence,rlawrencenw@google.co.uk,4,10,100,55,9
862,52,Martinez,jmartineznx@time.com,2,10,34,9,56
863,91,Wilson,pwilsonny@nps.gov,1,7,97,10,95
864,65,Henderson,dhendersonnz@cargocollective.com,4,4,82,95,62
865,10,Turner,rturnero0@istockphoto.com,4,2,61,50,91
866,24,Reyes,creyeso1@behance.net,2,9,11,14,78
867,52,Murphy,smurphyo2@rambler.ru,3,1,98,89,45
868,19,Ray,rrayo3@barnesandnoble.com,3,5,31,78,52
869,84,Cox,acoxo4@homestead.com,1,4,91,9,31
870,50,Carpenter,pcarpentero5@acquirethisname.com,1,6,18,40,100
871,87,Harris,bharriso6@clickbank.net,3,3,91,44,100
872,60,Butler,pbutlero7@deviantart.com,1,10,49,40,21
873,40,Jordan,mjordano8@reddit.com,2,8,64,10,23
874,83,Williamson,dwilliamsono9@ehow.com,3,7,93,30,23
875,61,Austin,eaustinoa@nifty.com,2,3,39,50,8
876,76,Cox,ccoxob@economist.com,4,7,27,74,14
877,84,Peterson,spetersonoc@google.it,2,4,95,62,24
878,82,Peters,hpetersod@wp.com,3,2,39,3,57
879,35,Stone,astoneoe@flavors.me,2,5,95,86,73
880,10,Hunt,ehuntof@adobe.com,4,9,1,14,84
881,12,Ellis,wellisog@ovh.net,3,6,72,73,14
882,1,Warren,pwarrenoh@google.pl,3,8,95,28,4
883,100,Parker,rparkeroi@jiathis.com,1,2,75,25,90
884,74,Morales,jmoralesoj@si.edu,3,8,62,73,35
885,51,Ortiz,aortizok@bbc.co.uk,4,3,39,84,47
886,26,Medina,lmedinaol@shinystat.com,4,3,28,27,75
887,25,Little,alittleom@samsung.com,3,2,83,15,78
888,60,Duncan,cduncanon@princeton.edu,4,3,13,15,69
889,19,Lewis,clewisoo@uiuc.edu,4,8,77,47,63
890,52,Phillips,cphillipsop@friendfeed.com,3,7,82,37,97
891,19,Baker,lbakeroq@tripadvisor.com,1,4,35,51,48
892,60,Warren,vwarrenor@cargocollective.com,4,10,63,83,100
893,67,Hunt,shuntos@histats.com,3,1,86,27,72
894,66,Reynolds,jreynoldsot@nyu.edu,3,5,31,65,73
895,53,Bowman,abowmanou@mozilla.org,4,10,52,62,33
896,25,Ellis,hellisov@rediff.com,1,4,94,4,8
897,78,Thomas,athomasow@hubpages.com,2,8,88,48,71
898,2,Franklin,bfranklinox@edublogs.org,3,2,31,17,52
899,79,Fisher,dfisheroy@quantcast.com,4,2,55,14,77
900,46,Robertson,probertsonoz@cornell.edu,3,7,1,20,62
901,91,Gray,lgrayp0@disqus.com,4,3,98,17,82
902,8,Perkins,lperkinsp1@jimdo.com,4,7,71,47,25
903,82,Cruz,jcruzp2@ovh.net,1,1,36,100,52
904,61,Arnold,sarnoldp3@quantcast.com,4,4,92,39,61
905,37,Ramirez,pramirezp4@cnbc.com,4,2,70,17,68
906,43,Harvey,charveyp5@slashdot.org,2,1,97,17,68
907,68,Parker,jparkerp6@answers.com,3,6,21,54,58
908,39,Clark,gclarkp7@studiopress.com,2,10,93,5,39
909,15,Elliott,jelliottp8@imageshack.us,2,9,42,77,85
910,53,Hall,challp9@netscape.com,1,9,28,87,56
911,8,Rose,mrosepa@dailymail.co.uk,2,6,14,47,71
912,63,Scott,gscottpb@paginegialle.it,2,2,98,57,1
913,71,Gomez,cgomezpc@salon.com,2,9,59,27,8
914,100,Andrews,randrewspd@photobucket.com,1,10,50,30,24
915,26,Bennett,tbennettpe@flavors.me,1,4,50,47,45
916,11,Larson,blarsonpf@hp.com,4,3,17,24,25
917,67,Mitchell,kmitchellpg@live.com,1,8,76,53,18
918,96,Hicks,nhicksph@ebay.co.uk,3,2,94,10,69
919,81,Reynolds,dreynoldspi@imgur.com,4,10,5,16,28
920,24,Rice,hricepj@xing.com,4,2,5,19,92
921,61,Austin,caustinpk@umich.edu,4,10,76,9,24
922,49,Banks,kbankspl@yahoo.com,4,1,14,99,13
923,35,Hayes,dhayespm@mapy.cz,1,10,78,26,16
924,95,Wood,jwoodpn@bluehost.com,2,2,87,58,23
925,58,Long,slongpo@clickbank.net,1,10,21,18,29
926,1,Lopez,alopezpp@shareasale.com,2,1,91,87,48
927,72,Nichols,wnicholspq@mlb.com,2,9,66,37,11
928,14,Gordon,sgordonpr@4shared.com,3,9,76,23,16
929,21,Brooks,pbrooksps@artisteer.com,3,7,16,40,69
930,95,Olson,molsonpt@blogtalkradio.com,3,2,33,95,22
931,66,Green,jgreenpu@xrea.com,1,1,21,79,30
932,66,Wilson,awilsonpv@chronoengine.com,3,5,70,14,34
933,99,Barnes,abarnespw@friendfeed.com,2,7,39,6,97
934,29,Rice,bricepx@washingtonpost.com,2,6,33,61,21
935,46,Martin,jmartinpy@ihg.com,2,1,13,58,67
936,3,Jones,ljonespz@huffingtonpost.com,1,4,88,3,68
937,38,Sullivan,asullivanq0@google.ru,1,7,10,100,58
938,54,Edwards,redwardsq1@prlog.org,3,2,92,4,64
939,24,Garrett,mgarrettq2@engadget.com,3,6,59,85,21
940,77,Johnston,djohnstonq3@icq.com,3,3,18,42,93
941,31,Stephens,wstephensq4@tiny.cc,4,10,10,16,45
942,3,Medina,gmedinaq5@kickstarter.com,4,8,27,10,65
943,4,Murphy,cmurphyq6@hostgator.com,4,8,49,30,25
944,23,Hunt,ghuntq7@blogspot.com,3,5,46,53,76
945,46,Greene,mgreeneq8@trellian.com,4,5,89,94,68
946,77,Welch,bwelchq9@phpbb.com,3,2,31,10,18
947,76,Jackson,rjacksonqa@wired.com,4,4,66,24,83
948,93,Martin,fmartinqb@vk.com,1,4,44,82,90
949,19,Green,ggreenqc@netlog.com,2,1,92,63,8
950,43,Harper,mharperqd@liveinternet.ru,4,5,3,10,73
951,47,Alexander,ealexanderqe@php.net,1,8,91,7,26
952,94,Peterson,rpetersonqf@msn.com,2,6,43,43,32
953,8,Montgomery,cmontgomeryqg@ucla.edu,1,3,6,54,85
954,11,Williams,jwilliamsqh@taobao.com,2,9,36,82,14
955,15,Anderson,bandersonqi@auda.org.au,3,8,48,25,7
956,17,Williams,awilliamsqj@upenn.edu,4,9,5,58,82
957,73,Payne,dpayneqk@4shared.com,4,8,8,28,85
958,57,Wheeler,kwheelerql@oaic.gov.au,1,4,19,89,62
959,61,Long,llongqm@woothemes.com,4,8,28,17,45
960,6,Kennedy,jkennedyqn@amazon.co.jp,2,3,45,4,69
961,27,Davis,rdavisqo@indiegogo.com,4,10,76,55,9
962,2,Walker,awalkerqp@java.com,4,4,87,74,35
963,34,Bishop,lbishopqq@discovery.com,3,3,20,17,5
964,69,Fuller,jfullerqr@fema.gov,2,8,48,75,16
965,30,Lewis,jlewisqs@whitehouse.gov,2,7,70,91,24
966,80,Lewis,slewisqt@cnn.com,4,6,68,14,50
967,90,Banks,jbanksqu@fema.gov,4,3,90,1,33
968,8,Sims,rsimsqv@blogs.com,4,9,24,63,79
969,44,Cole,wcoleqw@ycombinator.com,3,3,17,3,86
970,69,Walker,twalkerqx@disqus.com,3,10,99,83,99
971,29,Morales,jmoralesqy@hexun.com,2,1,40,38,13
972,1,Burke,jburkeqz@twitter.com,1,1,91,59,29
973,5,King,bkingr0@phoca.cz,4,9,59,20,27
974,15,Franklin,sfranklinr1@github.com,3,9,87,3,71
975,97,Garrett,dgarrettr2@youtube.com,2,5,79,27,25
976,1,Martinez,cmartinezr3@twitpic.com,1,2,6,15,73
977,93,Andrews,jandrewsr4@wordpress.com,1,3,43,48,37
978,32,Murphy,hmurphyr5@51.la,4,4,34,63,21
979,2,Moreno,amorenor6@mtv.com,1,4,88,48,78
980,2,Johnston,jjohnstonr7@yolasite.com,3,8,87,29,11
981,81,Montgomery,smontgomeryr8@lulu.com,4,6,82,81,80
982,15,Graham,mgrahamr9@a8.net,4,8,47,36,1
983,3,Sims,msimsra@va.gov,3,10,68,67,48
984,65,Williamson,rwilliamsonrb@reddit.com,2,1,18,79,47
985,94,Hanson,rhansonrc@ocn.ne.jp,2,3,31,100,71
986,42,Garza,bgarzard@taobao.com,1,4,83,82,25
987,4,Romero,mromerore@cnn.com,3,10,59,73,58
988,80,Torres,jtorresrf@imdb.com,1,6,73,71,55
989,80,Gordon,mgordonrg@house.gov,1,5,44,44,51
990,87,Flores,hfloresrh@cam.ac.uk,2,9,27,75,41
991,59,Hamilton,rhamiltonri@canalblog.com,4,6,81,15,89
992,4,Cruz,bcruzrj@blogspot.com,4,10,55,81,56
993,85,Nguyen,lnguyenrk@bloglines.com,1,2,99,69,47
994,79,Wells,pwellsrl@unesco.org,2,9,62,26,42
995,65,Harrison,dharrisonrm@shinystat.com,4,7,26,43,79
996,4,Walker,mwalkerrn@aol.com,1,8,99,13,10
997,37,Cook,bcookro@google.ru,2,3,24,26,12
998,53,Barnes,rbarnesrp@homestead.com,4,4,61,49,64
999,45,Jenkins,cjenkinsrq@scientificamerican.com,1,8,96,23,19
1000,31,Tucker,jtuckerrr@prweb.com,4,6,72,69,66
